{
  "beta": {
    "phpVersions": [
      "8.0",
      "8.1",
      "8.2"
    ],
    "sha1": "2861ce299c6b64f09042a06a9e8cae96ba5451f6",
    "upstream": "6.4-RC2",
    "variants": [
      "apache",
      "fpm",
      "fpm-alpine"
    ],
    "version": "6.4-RC2"
  },
  "cli": {
    "phpVersions": [
      "8.0",
      "8.1",
      "8.2"
    ],
    "sha512": "39fa365300ab45840e30cc344595bbd175c3558a4499679edd9f9e3a00a846e94179c29c80de3242f1c405f3623605605748d188d9bb98450d9377388f60f113",
    "variants": [
      "alpine"
    ],
    "version": "2.9.0"
  },
  "latest": {
    "phpVersions": [
      "8.0",
      "8.1",
      "8.2"
    ],
    "sha1": "858a79f5916909715e79df4b87fc4f30172e8254",
    "upstream": "6.3.2",
    "variants": [
      "apache",
      "fpm",
      "fpm-alpine"
    ],
    "version": "6.3.2"
  }
}
